v7.0.0,
v7.1.0,
v7.1.1,
v7.2.0,
v7.2.1,
v7.2.2,
v7.2.3,
v7.3.0,
v7.3.1,
v7.4.0,
v7.5.0,
v7.6.0,
v7.7.0,
v7.7.1,
v7.7.2,
v7.7.3,
v7.8.0,
v7.8.1,
v7.9.0,
v7.9.1,
v7.9.2,
v7.10.0,
v7.11.0,
v7.11.1,
v7.12.0,
v7.12.1,
v8.0.0,
v8.0.1,
v8.1.0,
v8.2.0,
v8.3.0,
v8.3.1,
v8.3.2,
v8.3.3,
v8.4.0,
v8.5.0,
v8.6.0,
v8.7.0,
v8.7.1,
v8.7.2,
v8.8.0,
v8.9.0,
v8.9.1,
v8.10.0,
v8.10.1,
v8.10.2,
v8.11.0,
v8.11.1,
v8.11.2,
v8.11.3,
v8.12.0,
v8.12.1,
v8.12.2,
v8.13.0,
v8.14.0,
v8.14.1,
v8.15.0,
v8.15.1,
v8.16.0,
v8.16.1,
v8.16.2
